Material ID,Formula,Transition Metal Group,Crystal System,Space Group,Total Magnetization (μB),Magnetization per Atom (µB/atom),Num Atoms,Is Stable
mp-1183996,Cu3F,Cu,Hexagonal,P6_3/mmc,0.0386716,0.00483395,8,False
mp-10634,CuF,Cu,Cubic,F-43m,0.0200218,0.0100109,2,False
mp-1229,CuF2,Cu,Monoclinic,P2_1/c,2.0000003,0.33333338333333334,6,True
mp-1147670,CuF2,Cu,Tetragonal,I4/mmm,0.3599454,0.11998180000000001,3,False
mp-1147672,CuF2,Cu,Tetragonal,P4/mmm,0.2739017,0.09130056666666668,3,False
mp-554201,MoF3,Mo,Cubic,Pm-3m,2.9999998,0.74999995,4,False
mp-557539,MoF3,Mo,Trigonal,R-3c,6.0,0.75,8,True
mp-1395134,MoF4,Mo,Triclinic,P1,0.0,0.0,10,False
mp-2041583,MoF4,Mo,Triclinic,P1,4.0000001,0.40000001,10,False
mp-504759,MoF5,Mo,Monoclinic,C2/m,4.0000001,0.16666667083333334,24,True
mp-1047607,MoF5,Mo,Orthorhombic,Cmcm,2.003097,0.16692474999999998,12,False
mp-1379489,MoF5,Mo,Monoclinic,P2_1/c,4.0,0.16666666666666666,24,False
mp-1406655,MoF5,Mo,Monoclinic,C2/c,2.0000001,0.166666675,12,False
mp-1445885,MoF5,Mo,Orthorhombic,Immm,1.0000606,0.16667676666666667,6,False
mp-557259,MoF6,Mo,Orthorhombic,Pnma,0.0,0.0,28,True
mp-558836,MoF6,Mo,Cubic,Im-3m,0.0,0.0,7,False
mp-466,Nb2F5,Nb,Cubic,Im-3m,1.0,0.047619047619047616,21,True
mp-1795,NbF3,Nb,Cubic,Pm-3m,2.0028975,0.500724375,4,False
mp-1416,NbF4,Nb,Tetragonal,I4/mmm,0.9899506,0.19799012,5,False
mp-18687,NbF5,Nb,Monoclinic,C2/m,0.0,0.0,24,True
mp-1186248,NbF5,Nb,Monoclinic,C2/m,0.0021443,8.934583333333333e-05,24,False
mp-556324,NiF2,Ni,Orthorhombic,Pnnm,4.001246,0.6668743333333333,6,False
mp-559798,NiF2,Ni,Tetragonal,P4_2/mnm,4.0012901,0.6668816833333334,6,True
mp-561428,NiF3,Ni,Trigonal,R-3c,2.0001366,0.250017075,8,False
mp-614777,NiF3,Ni,Trigonal,R-3,1.9999998,0.249999975,8,True
mp-1180654,NiF3,Ni,Triclinic,P-1,4.0005836,0.50007295,8,False
mp-1406123,NiF4,Ni,Tetragonal,I4/mcm,3.9998441,0.39998440999999996,10,False
mp-2416,YF3,Y,Orthorhombic,Pnma,0.0,0.0,16,True
mp-556242,YF3,Y,Cubic,Pm-3m,9.18e-05,7.65e-06,12,False
mp-1191736,YF3,Y,Trigonal,P-3c1,0.0,0.0,24,False
mp-1873,ZnF2,Zn,Tetragonal,P4_2/mnm,0.0,0.0,6,True
mp-7709,ZnF2,Zn,Orthorhombic,Pbcn,0.0,0.0,12,False
mp-34260,ZrF4,Zr,Tetragonal,P4/mmm,0.0011875,0.0002375,5,False
mp-561384,ZrF4,Zr,Tetragonal,P4_2/m,0.0,0.0,40,False
mp-1105223,ZrF4,Zr,Monoclinic,P2_1/c,0.0,0.0,20,True
mp-1194272,ZrF4,Zr,Monoclinic,C2/c,0.0,0.0,30,False
mp-31033,HfF4,Hf,Monoclinic,C2/c,0.0,0.0,30,True
mp-1184748,Ir3F,Ir,Cubic,Fm-3m,0.4765867,0.119146675,4,False
mp-2437,IrF3,Ir,Trigonal,R-3c,0.0,0.0,8,True
mp-13841,IrF4,Ir,Orthorhombic,Fdd2,1.9995292,0.19995292,10,True
mp-560553,IrF6,Ir,Orthorhombic,Pnma,12.0000001,0.42857143214285714,28,True
mp-1186354,Os3F,Os,Cubic,Fm-3m,0.0006038,0.00015095,4,False
mp-540830,OsF5,Os,Monoclinic,P2_1/c,23.9999999,0.49999999791666666,48,True
mp-22626,OsF6,Os,Orthorhombic,Pnma,8.0000001,0.28571428928571424,28,True
mp-1100763,Pt3F,Pt,Cubic,Fm-3m,0.203361,0.05084025,4,False
mp-8943,PtF4,Pt,Orthorhombic,Fdd2,0.0,0.0,10,True
mp-660594,PtF4,Pt,Monoclinic,Cc,1e-05,1.0000000000000002e-06,10,False
mp-541341,PtF5,Pt,Monoclinic,P2_1/c,7.9755696,0.1661577,48,True
mp-505319,PtF6,Pt,Orthorhombic,Pnma,7.9999998,0.28571427857142856,28,True
mp-974458,Re3F,Re,Cubic,Fm-3m,0.001072,0.000268,4,False
mp-1025374,ReF6,Re,Cubic,Im-3m,1.0000001,0.14285715714285716,7,True
mp-1209252,ReF6,Re,Orthorhombic,Pnma,3.9634731,0.1415526107142857,28,False
mp-643265,ReF7,Re,Triclinic,P-1,0.0,0.0,16,True
mp-8338,TaF3,Ta,Cubic,Pm-3m,1.9999716,0.4999929,4,False
mp-561197,TaF5,Ta,Monoclinic,C2/m,0.0,0.0,24,True
mp-1047356,TaF5,Ta,Orthorhombic,Cmcm,0.0023515,0.00019595833333333333,12,False
mp-1339908,TaF5,Ta,Monoclinic,P2_1/c,0.0,0.0,24,False
mp-1393434,TaF5,Ta,Triclinic,P-1,5e-07,4.166666666666666e-08,12,False
mp-1400588,TaF5,Ta,Orthorhombic,Immm,6.67e-05,1.1116666666666666e-05,6,False
mp-1830474,TaF5,Ta,Triclinic,P-1,0.0005215,4.345833333333334e-05,12,False
mp-1402840,WF4,W,Triclinic,P1,3.9999941,0.39999941,10,True
mp-2751956,WF4,W,Monoclinic,P2_1/c,4.0,0.4,10,False
mp-1047615,WF5,W,Orthorhombic,Cmcm,2.000516,0.16670966666666667,12,False
mp-1367785,WF5,W,Monoclinic,P2_1/c,4.0,0.16666666666666666,24,False
mp-1386198,WF5,W,Monoclinic,C2/c,2.0,0.16666666666666666,12,False
mp-1390563,WF5,W,Orthorhombic,Immm,1.0000362,0.1666727,6,False
mp-555003,WF6,W,Orthorhombic,Pnma,0.0,0.0,28,True
mp-1391,Ag2F,Ag,Trigonal,P-3m1,0.0,0.0,3,True
mp-861945,Ag2F3,Ag,Trigonal,R-3c,1.9975643,0.19975643,10,False
mp-542298,Ag2F5,Ag,Triclinic,P-1,0.0679971,0.0024284678571428573,28,True
mp-1183244,Ag3F,Ag,Hexagonal,P6_3/mmc,8.5e-05,1.0625e-05,8,False
mp-562412,Ag3F8,Ag,Monoclinic,P2_1/c,2.0,0.09090909090909091,22,False
mp-7592,AgF,Ag,Cubic,Fm-3m,5e-07,2.5e-07,2,True
mp-2284,AgF2,Ag,Orthorhombic,Pbca,0.0,0.0,12,True
mp-7715,AgF2,Ag,Monoclinic,P2_1/c,1e-07,1.6666666666666667e-08,6,False
mp-18536,AgF3,Ag,Hexagonal,P6_122,0.0,0.0,24,True
mp-241,CdF2,Cd,Cubic,Fm-3m,0.0,0.0,3,True
mp-1101972,CdF2,Cd,Orthorhombic,Pnma,0.0,0.0,12,False
mp-1185487,LuF3,Lu,Cubic,Fm-3m,8e-06,2e-06,4,False
mp-1207204,LuF3,Lu,Trigonal,P-3m1,0.0,0.0,4,False
mp-1210818,LuF3,Lu,Trigonal,P-3c1,0.0,0.0,24,True
mp-1186424,Pd3F,Pd,Cubic,Fm-3m,1.763566,0.4408915,4,False
mp-1058,PdF2,Pd,Tetragonal,P4_2/mnm,4.0,0.6666666666666666,6,False
mp-20284,PdF2,Pd,Cubic,Pa-3,4.0000007,0.3333333916666667,12,False
mp-13679,PdF3,Pd,Trigonal,R-3c,1.9964718,0.249558975,8,False
mp-14112,PdF3,Pd,Trigonal,P321,1.0000497,0.083337475,12,False
mp-1179948,PdF3,Pd,Monoclinic,C2/c,0.5610393,0.0701299125,8,False
mp-1524446,PdF3,Pd,Trigonal,R-3,2.0000699,0.2500087375,8,True
mp-13868,PdF4,Pd,Orthorhombic,Fdd2,0.0,0.0,10,True
mp-663300,PdF4,Pd,Monoclinic,Cc,0.0002321,2.321e-05,10,False
mp-974386,Rh3F,Rh,Tetragonal,I4/mmm,0.0190244,0.0047561,4,False
mp-2068,RhF3,Rh,Trigonal,R-3c,0.0,0.0,8,True
mp-21208,RhF3,Rh,Trigonal,P321,0.0005048,4.206666666666667e-05,12,False
mp-1179720,RhF3,Rh,Monoclinic,C2/c,3.4730968,0.4341371,8,False
mp-540622,RhF5,Rh,Monoclinic,P2_1/c,15.9999999,0.33333333125000003,48,True
mp-1025250,RhF6,Rh,Cubic,Im-3m,3.0,0.42857142857142855,7,False
mp-1209109,RhF6,Rh,Orthorhombic,Pnma,12.0000001,0.42857143214285714,28,True
mp-1209757,RhF6,Rh,Monoclinic,C2/c,5.9949074,0.4282076714285714,14,False
mp-1186909,Ru3F,Ru,Cubic,Fm-3m,0.0003155,7.8875e-05,4,False
mp-7570,RuF3,Ru,Trigonal,R-3c,1.9989958,0.249874475,8,True
mp-1179696,RuF3,Ru,Monoclinic,C2/c,6.0016917,0.7502114625,8,False
mp-974434,RuF4,Ru,Monoclinic,P2_1/c,4.0,0.4,10,True
mp-540829,RuF5,Ru,Monoclinic,P2_1/c,24.0000008,0.5000000166666666,48,True
mp-1025168,RuF6,Ru,Cubic,Im-3m,2.0,0.2857142857142857,7,False
mp-1209121,RuF6,Ru,Orthorhombic,Pnma,8.0,0.2857142857142857,28,True
mp-867369,TcF3,Tc,Orthorhombic,Amm2,6.0022157,0.7502769625,8,False
mp-1203061,TcF4,Tc,Orthorhombic,Pbca,24.0000008,0.60000002,40,True
mp-1025373,TcF6,Tc,Cubic,Im-3m,1.0,0.14285714285714285,7,False
mp-1208328,TcF6,Tc,Orthorhombic,Pnma,3.9999999,0.14285713928571428,28,True
mp-555908,CoF2,Co,Tetragonal,P4_2/mnm,6.0000001,1.0000000166666667,6,True
mp-559435,CoF3,Co,Cubic,Pm-3m,8.0000001,0.666666675,12,False
mp-559473,CoF3,Co,Trigonal,R-3c,3.999653,0.499956625,8,False
mp-860537,CoF3,Co,Trigonal,P321,2e-07,1.6666666666666667e-08,12,False
mp-1178425,CoF3,Co,Monoclinic,C2,12.0001511,1.0000125916666667,12,False
mp-1182416,CoF3,Co,Monoclinic,C2/c,3.9999603,0.4999950375,8,False
mp-1271079,CoF3,Co,Tetragonal,I4/mcm,0.0,0.0,16,True
mp-1271121,CoF3,Co,Tetragonal,P4/mbm,7.9426517,0.9928314625,8,False
mp-1271165,CoF3,Co,Monoclinic,C2/m,0.0453345,0.00283340625,16,False
mp-1271166,CoF3,Co,Orthorhombic,Cmmm,0.0077809,0.00048630625,16,False
mp-2761222,CoF3,Co,Monoclinic,C2,7.9999999,0.49999999375,16,False
mp-2767736,CoF3,Co,Orthorhombic,Cmc2_1,16.0042452,1.000265325,16,False
mp-1397055,CoF4,Co,Tetragonal,I4/mcm,5.9999999,0.5999999899999999,10,False
mp-558380,Cr2F5,Cr,Monoclinic,C2/c,14.0000004,1.0000000285714286,14,False
mp-554340,CrF2,Cr,Monoclinic,P2_1/c,8.0000008,1.3333334666666667,6,True
mp-560338,CrF3,Cr,Trigonal,R-3c,5.9999997,0.7499999625,8,True
mp-1181931,CrF3,Cr,Monoclinic,C2/c,6.0006112,0.7500764,8,False
mp-20488,CrF4,Cr,Tetragonal,P4_2/mnm,8.0000005,0.40000002500000004,20,False
mp-554855,CrF4,Cr,Monoclinic,C2/c,16.0001535,0.4000038375,40,True
mp-1387939,CrF4,Cr,Monoclinic,Cm,3.1e-06,3.1e-07,10,False
mp-1924816,CrF4,Cr,Tetragonal,I4/mcm,3.9999796,0.39999796,10,False
mp-639662,CrF5,Cr,Orthorhombic,Pbcm,3.9999998,0.16666665833333333,24,True
mp-1041606,CrF5,Cr,Orthorhombic,Cmcm,5.5770306,0.46475255,12,False
mp-1374127,CrF5,Cr,Monoclinic,P2_1/c,3.9999677,0.16666532083333332,24,False
mp-1388415,CrF5,Cr,Monoclinic,C2/c,2.0002797,0.16668997500000002,12,False
mp-1397070,CrF5,Cr,Orthorhombic,Immm,2.9019141,0.48365235,6,False
mp-1391848,CrF6,Cr,Trigonal,R-3,0.0,0.0,7,True
mp-1184279,Fe3F,Fe,Cubic,Pm-3m,9.7974433,2.449360825,4,False
mp-556911,FeF2,Fe,Tetragonal,P4_2/mnm,8.0000005,1.3333334166666668,6,True
mp-22398,FeF3,Fe,Trigonal,R-3c,10.0000003,1.2500000375,8,True
mp-558852,FeF3,Fe,Cubic,Pm-3m,15.0000006,1.25000005,12,False
mp-559450,FeF3,Fe,Cubic,Fd-3m,20.0000012,1.250000075,16,False
mp-1096967,FeF3,Fe,Orthorhombic,Cmcm,29.9999958,1.249999825,24,False
mp-1181398,FeF3,Fe,Trigonal,P321,15.0004712,1.2500392666666666,12,False
mp-1181783,FeF3,Fe,Monoclinic,C2/c,9.9999437,1.2499929625,8,False
mp-1396678,FeF4,Fe,Tetragonal,I4/mcm,8.0000417,0.80000417,10,False
mp-1213622,FeF6,Fe,Monoclinic,C2/c,8.0000004,0.5714286,14,True
mp-753169,Mn2F5,Mn,Monoclinic,C2/c,18.0,1.2857142857142858,14,False
mp-753215,Mn2F5,Mn,Monoclinic,C2/c,18.0000001,1.285714292857143,14,False
mp-753435,Mn2F7,Mn,Monoclinic,C2/c,14.0149803,0.7786100166666666,18,False
mp-757058,Mn2F7,Mn,Triclinic,P-1,14.0000002,0.7777777888888889,18,False
mp-759987,Mn2F7,Mn,Monoclinic,P2_1/c,28.0028149,0.7778559694444445,36,False
mp-760309,Mn2F7,Mn,Monoclinic,P2_1,2e-07,5.555555555555555e-09,36,False
mp-753434,Mn3F10,Mn,Triclinic,P-1,21.9994645,0.84613325,26,False
mp-752616,Mn3F8,Mn,Monoclinic,Cc,26.0052167,1.1820553045454545,22,False
mp-867575,Mn7F16,Mn,Trigonal,R-3,27.0000004,1.1739130608695654,23,False
mp-753607,Mn7F18,Mn,Triclinic,P-1,31.0069998,1.240279992,25,False
mp-556585,MnF2,Mn,Orthorhombic,Pbcn,20.0000012,1.6666667666666666,12,True
mp-560902,MnF2,Mn,Tetragonal,P4_2/mnm,10.0000009,1.6666668166666667,6,False
mp-615138,MnF2,Mn,Tetragonal,P-42m,20.0009302,1.6667441833333332,12,False
mp-2012783,MnF2,Mn,Cubic,P-43m,9.9999993,0.8333332750000001,12,False
mp-541384,MnF3,Mn,Trigonal,R-3c,8.0000002,1.000000025,8,False
mp-556560,MnF3,Mn,Monoclinic,C2/c,8.0000053,1.0000006625,8,True
mp-753295,MnF3,Mn,Tetragonal,P4/mbm,8.0000005,1.0000000625,8,False
mp-757186,MnF3,Mn,Tetragonal,P4_2/mnm,16.0037361,1.00023350625,16,False
mp-758601,MnF3,Mn,Monoclinic,C2/m,7.9999689,0.9999961125,8,False
mp-759525,MnF3,Mn,Tetragonal,P4/mbm,39.9983975,0.9999599375000001,40,False
mp-764949,MnF3,Mn,Orthorhombic,Pbam,7.9955981,0.9994497625,8,False
mp-765633,MnF3,Mn,Trigonal,P321,24.0010412,1.0000433833333333,24,False
mp-766789,MnF3,Mn,Trigonal,P321,24.0021603,1.0000900125,24,False
mp-1176433,MnF3,Mn,Monoclinic,P2_1/c,16.0015622,1.0000976375,16,False
mp-1176437,MnF3,Mn,Orthorhombic,Pnma,0.0006344,3.965e-05,16,False
mp-1176438,MnF3,Mn,Monoclinic,P2_1/m,16.0000001,1.00000000625,16,False
mp-2011351,MnF3,Mn,Hexagonal,P6_322,23.9999999,0.9999999958333333,24,False
mp-2034494,MnF3,Mn,Orthorhombic,Pnma,16.0000012,1.000000075,16,False
mp-541103,MnF4,Mn,Tetragonal,I4_1/a,24.0000004,0.60000001,40,True
mp-705480,MnF4,Mn,Trigonal,R-3c,18.0003313,0.6000110433333333,30,False
mp-753574,MnF4,Mn,Monoclinic,P2_1/c,5.9999996,0.59999996,10,False
mp-759343,MnF4,Mn,Orthorhombic,Pbam,6.0000001,0.60000001,10,False
mp-1221693,MnF4,Mn,Triclinic,P-1,8.9999998,0.5999999866666667,15,False
mp-1385977,MnF4,Mn,Tetragonal,I4/mcm,6.0003548,0.6000354800000001,10,False
mp-10694,ScF3,Sc,Cubic,Pm-3m,0.0,0.0,4,False
mp-559092,ScF3,Sc,Trigonal,R32,2.4e-06,6e-07,4,False
mp-634805,ScF3,Sc,Monoclinic,C2,2.6e-06,6.5e-07,4,False
mp-695817,ScF3,Sc,Orthorhombic,C222,5.2e-06,1.3e-06,4,False
mp-1078300,ScF3,Sc,Trigonal,R-3c,0.0,0.0,8,True
mp-1094067,ScF3,Sc,Orthorhombic,Pnma,0.0007136,4.46e-05,16,False
mp-1179500,ScF3,Sc,Monoclinic,C2,8.74e-05,2.185e-05,4,False
mp-282,TiF2,Ti,Cubic,Fm-3m,2.0000162,0.6666720666666667,3,False
mp-246,TiF3,Ti,Cubic,Pm-3m,2.0000001,0.2500000125,8,True
mp-562468,TiF3,Ti,Trigonal,R-3c,2.0000001,0.2500000125,8,False
mp-634867,TiF3,Ti,Monoclinic,C2/m,6e-07,1.5e-07,4,False
mp-1178963,TiF3,Ti,Trigonal,R-3m,0.9461433,0.236535825,4,False
mp-1179375,TiF3,Ti,Monoclinic,C2/c,0.0003706,4.6325e-05,8,False
mp-2901880,TiF3,Ti,Trigonal,R-3m,0.9999933,0.249998325,4,False
mp-28974,TiF4,Ti,Orthorhombic,Pnma,0.0,0.0,60,True
mp-1383199,TiF4,Ti,Triclinic,P1,0.0,0.0,10,False
mp-1209717,TiF6,Ti,Monoclinic,C2/c,0.0005705,4.075e-05,14,False
mp-759957,V2F7,V,Orthorhombic,Imma,6.0000001,0.3333333388888889,18,False
mp-760218,V2F7,V,Monoclinic,P2_1,11.9998875,0.3333302083333333,36,False
mp-1101228,V2F9,V,Hexagonal,P6_3cm,1.9999506,0.09090684545454546,22,False
mp-1101229,V2F9,V,Hexagonal,P6_3/mcm,1.9931587,0.09059812272727273,22,False
mp-1187787,V3F,V,Tetragonal,I4/mmm,3.4224965,0.855624125,4,False
mp-765637,V3F10,V,Orthorhombic,Pmma,10.000449,0.38463265384615386,26,False
mp-768262,V3F10,V,Monoclinic,Pc,10.0000803,0.3846184730769231,26,False
mp-1101191,V3F10,V,Orthorhombic,P222_1,9.9998626,0.3846101,26,False
mp-760030,V5F11,V,Monoclinic,P2_1/c,56.0000889,0.8750013890625,64,False
mp-760168,V6F13,V,Triclinic,P-1,33.9998871,0.8947338710526317,38,False
mp-555934,VF2,V,Tetragonal,P4_2/mnm,6.0000005,1.0000000833333333,6,True
mp-559931,VF3,V,Trigonal,R-3c,3.9999999,0.4999999875,8,True
mp-759097,VF3,V,Orthorhombic,Pnma,7.9999994,0.4999999625,16,False
mp-765663,VF3,V,Tetragonal,P4_2/mnm,8.0048664,0.50030415,16,False
mp-1178903,VF3,V,Monoclinic,C2/c,4.000001,0.500000125,8,False
mp-554799,VF4,V,Monoclinic,P2_1/c,1.9999998,0.19999998000000002,10,True
mp-752887,VF4,V,Orthorhombic,Pbam,2.0000004,0.20000004,10,False
mp-753759,VF4,V,Orthorhombic,Cmmm,1.0000003,0.20000005999999998,5,False
mp-757234,VF4,V,Orthorhombic,Pmna,2.0000001,0.20000000999999998,10,False
mp-757410,VF4,V,Monoclinic,C2/c,2.0001048,0.20001048,10,False
mp-759340,VF4,V,Orthorhombic,Pnma,7.9993174,0.199982935,40,False
mp-759867,VF4,V,Monoclinic,C2/c,2.0000001,0.20000000999999998,10,False
mp-759937,VF4,V,Orthorhombic,Pna2_1,8.0004645,0.2000116125,40,False
mp-759972,VF4,V,Monoclinic,Pc,1.9991966,0.19991966,10,False
mp-760249,VF4,V,Orthorhombic,Pnma,7.9999998,0.199999995,40,False
mp-765724,VF4,V,Trigonal,R-3,6.0001231,0.20000410333333332,30,False
mp-850937,VF4,V,Monoclinic,P2_1/c,4.0000003,0.200000015,20,False
mp-863400,VF4,V,Monoclinic,P2_1/c,3.9999998,0.19999999,20,False
mp-1101190,VF4,V,Monoclinic,P2_1/c,4.0005104,0.20002551999999998,20,False
mp-1101193,VF4,V,Monoclinic,P2_1/c,4.0000467,0.20000233500000003,20,False
mp-1388402,VF4,V,Orthorhombic,Ima2,2.0010968,0.20010968,10,False
mp-1873967,VF4,V,Monoclinic,Cc,2.0000546,0.20000546,10,False
mp-2030706,VF4,V,Monoclinic,P2_1/c,4.0000004,0.20000002,20,False
mp-2039668,VF4,V,Monoclinic,C2/m,2.0000004,0.20000004,10,False
mp-2765625,VF4,V,Orthorhombic,Pnma,7.9999997,0.1999999925,40,False
mp-27309,VF5,V,Orthorhombic,Pnma,0.0,0.0,48,True
mp-752600,VF5,V,Monoclinic,Cc,0.0021001,0.00017500833333333334,12,False
mp-752907,VF5,V,Monoclinic,P2_1,0.0,0.0,24,False
mp-752912,VF5,V,Monoclinic,C2/c,0.0001846,1.5383333333333332e-05,12,False
mp-753265,VF5,V,Monoclinic,P2_1/c,7.76e-05,3.2333333333333334e-06,24,False
mp-753449,VF5,V,Monoclinic,P2_1/c,0.0,0.0,24,False
mp-756640,VF5,V,Tetragonal,P4/n,0.0,0.0,12,False
mp-757128,VF5,V,Monoclinic,Cc,0.0,0.0,12,False
mp-757854,VF5,V,Monoclinic,P2_1/c,0.0,0.0,24,False
mp-758214,VF5,V,Orthorhombic,Cmce,0.0,0.0,24,False
mp-760250,VF5,V,Monoclinic,P2_1/c,0.0,0.0,48,False
mp-760312,VF5,V,Monoclinic,P2_1/c,1.54e-05,3.2083333333333337e-07,48,False
mp-760320,VF5,V,Monoclinic,P2_1/c,0.0001294,2.6958333333333335e-06,48,False
mp-764959,VF5,V,Orthorhombic,Pnma,0.0,0.0,24,False
mp-765600,VF5,V,Monoclinic,P2_1/c,0.0014765,6.152083333333334e-05,24,False
mp-765621,VF5,V,Orthorhombic,P2_12_12_1,0.0,0.0,24,False
mp-765624,VF5,V,Monoclinic,P2_1/c,8.47e-05,3.5291666666666666e-06,24,False
mp-765646,VF5,V,Orthorhombic,Pnma,0.0,0.0,24,False
mp-1047795,VF5,V,Orthorhombic,Cmcm,3.7668161,0.31390134166666667,12,False
mp-1101189,VF5,V,Monoclinic,P2_1/c,0.0,0.0,24,False
mp-1101210,VF5,V,Orthorhombic,Pnma,0.0,0.0,24,False
mp-1160849,VF5,V,Monoclinic,P2_1/c,0.0,0.0,24,False
mp-1443442,VF5,V,Monoclinic,C2/c,0.0007287,6.0725e-05,12,False
mp-2017776,VF5,V,Orthorhombic,Pccn,0.0,0.0,24,False
mp-17407,Au3F8,Au,Monoclinic,P2_1/c,2.0,0.09090909090909091,22,True
mp-942,AuF3,Au,Hexagonal,P6_122,0.0,0.0,24,True
mp-30103,AuF5,Au,Orthorhombic,Pnma,0.0,0.0,48,True
mp-973777,Hg3F,Hg,Cubic,Pm-3m,0.0002266,5.665e-05,4,False
mp-973778,Hg3F,Hg,Cubic,Fm-3m,6.68e-05,1.67e-05,4,False
mp-982008,Hg3F,Hg,Tetragonal,I4/mmm,0.0004299,0.000107475,4,False
mp-706,HgF,Hg,Tetragonal,I4/mmm,0.0,0.0,4,True
mp-8177,HgF2,Hg,Cubic,Fm-3m,9e-05,3e-05,3,True
mp-974603,HgF2,Hg,Tetragonal,P4_2/mnm,0.0,0.0,6,False
mp-1102332,HgF2,Hg,Orthorhombic,Pnma,0.0,0.0,12,False
mp-1184655,HgF3,Hg,Cubic,Fm-3m,0.9973082,0.24932705,4,False
mp-29422,HfCl4,Hf,Monoclinic,P2/c,0.0,0.0,10,True
mp-862845,IrCl2,Ir,Tetragonal,P4_2/mnm,0.0003718,6.196666666666666e-05,6,False
mp-27666,IrCl3,Ir,Monoclinic,C2/m,0.0,0.0,8,False
mp-568208,IrCl3,Ir,Orthorhombic,Fddd,0.0,0.0,16,True
mp-729507,IrCl3,Ir,Monoclinic,C2,0.0006678,4.17375e-05,16,False
mp-865956,IrCl3,Ir,Hexagonal,P6_3/mmc,0.0004669,5.83625e-05,8,False
mp-1186356,Os3Cl,Os,Cubic,Fm-3m,6.61e-05,1.6525e-05,4,False
mp-571035,OsCl4,Os,Orthorhombic,Cmmm,2.0,0.4,5,True
mp-1186783,Pt3Cl,Pt,Cubic,Fm-3m,0.5304359,0.132608975,4,False
mp-23290,PtCl2,Pt,Trigonal,R-3m,0.0,0.0,18,True
mp-567484,PtCl2,Pt,Orthorhombic,Pnnm,0.0,0.0,6,False
mp-684670,PtCl2,Pt,Triclinic,P-1,0.0003634,6.0566666666666664e-05,6,False
mp-1179938,PtCl2,Pt,Monoclinic,C2/m,0.186098,0.010338777777777778,18,False
mp-1219748,PtCl2,Pt,Monoclinic,C2/m,0.0,0.0,6,False
mp-31134,PtCl3,Pt,Trigonal,R-3,1.1e-06,2.2916666666666667e-08,48,True
mp-680506,PtCl4,Pt,Cubic,Pa-3,1.32e-05,3.3e-07,40,False
mp-23174,ReCl3,Re,Trigonal,R-3m,0.0,0.0,24,True
mp-27340,ReCl4,Re,Monoclinic,P2/c,8.0028372,0.40014186,20,False
mp-27645,ReCl5,Re,Monoclinic,P2_1/c,0.010574,0.00022029166666666668,48,False
mp-1078114,ReCl6,Re,Trigonal,R-3,0.9995465,0.14279235714285715,7,True
mp-23274,Ta2Cl5,Ta,Cubic,Ia-3d,0.0224991,0.0001339232142857143,168,True
mp-727406,TaCl3,Ta,Cubic,Fd-3m,4.0561204,0.08450250833333334,48,False
mp-29465,TaCl4,Ta,Monoclinic,C2/m,0.0,0.0,10,False
mp-29831,TaCl5,Ta,Monoclinic,C2/m,0.0,0.0,36,True
mp-1207828,WCl2,W,Orthorhombic,Cmce,0.0,0.0,36,True
mp-23269,WCl3,W,Trigonal,R-3,0.0,0.0,24,False
mp-980949,WCl4,W,Monoclinic,C2/m,0.0,0.0,10,True
mp-27160,WCl5,W,Monoclinic,C2/m,5.9999999,0.16666666388888887,36,False
mp-23178,WCl6,W,Trigonal,P-3m1,0.0,0.0,21,False
mp-571518,WCl6,W,Trigonal,R-3,0.0,0.0,7,True
mp-1183689,Co3Cl,Co,Cubic,Fm-3m,5.0801818,1.27004545,4,False
mp-23240,CoCl2,Co,Trigonal,R-3m,2.9979683,0.9993227666666668,3,True
mp-632413,CoCl2,Co,Monoclinic,C2/m,1.0,0.3333333333333333,3,False
mp-696114,CoCl2,Co,Trigonal,P-3m1,2.9999999,0.9999999666666667,3,False
mp-1120788,CoCl2,Co,Trigonal,P-3m1,2.9980814,0.9993604666666666,3,False
mp-1206633,CoCl6,Co,Orthorhombic,Cmmm,5.0649422,0.7235631714285714,7,False
mp-1183702,CrCl,Cr,Hexagonal,P6_3mc,9.9967211,2.499180275,4,False
mp-22857,CrCl2,Cr,Orthorhombic,Pnnm,8.0003208,1.3333868000000002,6,False
mp-27630,CrCl3,Cr,Monoclinic,C2/m,6.0,0.75,8,False
mp-567504,CrCl3,Cr,Trigonal,R-3,6.0,0.75,8,True
mp-569890,CrCl3,Cr,Trigonal,P3_212,18.0000006,0.750000025,24,False
mp-1192095,CrCl3,Cr,Monoclinic,C2/m,18.0022505,0.7500937708333333,24,False
mp-1193047,CrCl3,Cr,Monoclinic,C2/m,17.9999663,0.7499985958333334,24,False
mp-985588,FeCl,Fe,Cubic,Pm-3m,3.0147847,1.50739235,2,False
mp-23229,FeCl2,Fe,Trigonal,R-3m,3.9999999,1.3333333,3,False
mp-571096,FeCl2,Fe,Trigonal,P-3m1,3.9999998,1.3333332666666666,3,True
mp-23204,FeCl3,Fe,Trigonal,R-3,1.9987701,0.2498462625,8,False
mp-583463,FeCl3,Fe,Trigonal,P312,30.0000009,1.2500000375,24,False
mp-645418,FeCl3,Fe,Triclinic,P1,9.2591027,1.1573878375,8,False
mp-676241,FeCl3,Fe,Triclinic,P1,10.0035196,1.25043995,8,False
mp-1049060,FeCl3,Fe,Triclinic,P1,10.0000003,1.2500000375,8,True
mp-1182789,FeCl3,Fe,Trigonal,P-3,120.5795802,1.25603729375,96,False
mp-1225059,FeCl4,Fe,Orthorhombic,Cmmm,8.0002191,0.8000219100000001,10,True
mp-1207367,FeCl6,Fe,Orthorhombic,Cmmm,6.0001475,0.8571639285714285,7,False
mp-28233,MnCl2,Mn,Trigonal,R-3m,5.0,1.6666666666666667,3,True
mp-542449,Sc5Cl8,Sc,Monoclinic,C2/m,0.9720032,0.07476947692307692,13,True
mp-27513,Sc7Cl10,Sc,Monoclinic,C2/m,0.6374015,0.037494205882352936,17,True
mp-23186,Sc7Cl12,Sc,Trigonal,R-3,6.9618419,0.3664127315789473,19,False
mp-27507,ScCl,Sc,Trigonal,R-3m,1.5526911,0.388172775,4,False
mp-23309,ScCl3,Sc,Trigonal,R-3,0.0,0.0,8,True
mp-540671,Ti7Cl16,Ti,Orthorhombic,Pnnm,8.0260813,0.17448002826086956,46,False
mp-28116,TiCl2,Ti,Trigonal,P-3m1,1.9922387,0.6640795666666667,3,False
mp-23275,TiCl3,Ti,Trigonal,R-3,2.0000052,0.25000065,8,False
mp-567330,TiCl3,Ti,Trigonal,P-31c,4.0299475,0.25187171875,16,False
mp-567354,TiCl3,Ti,Trigonal,P-31m,1.9999436,0.24999295,8,False
mp-568230,TiCl3,Ti,Trigonal,P312,6.0042101,0.25017542083333333,24,False
mp-569756,TiCl3,Ti,Trigonal,P3_112,6.0,0.25,24,False
mp-571143,TiCl3,Ti,Hexagonal,P6_3/mcm,0.331416,0.041427,8,False
mp-571377,TiCl3,Ti,Monoclinic,C2/m,6.0019447,0.2500810291666667,24,False
mp-571424,TiCl3,Ti,Monoclinic,C2/c,4.0,0.25,16,False
mp-2017901,TiCl3,Ti,Monoclinic,Cc,4.0000003,0.25000001875,16,True
mp-2036706,TiCl3,Ti,Monoclinic,C2/m,2.0000001,0.2500000125,8,False
mp-30092,TiCl4,Ti,Monoclinic,P2_1/c,0.0,0.0,20,True
mp-22877,VCl2,V,Trigonal,P-3m1,2.9999995,0.9999998333333333,3,True
mp-28117,VCl3,V,Trigonal,R-3,4.0000001,0.5000000125,8,True
mp-570763,VCl4,V,Monoclinic,P2/c,4.0000002,0.20000000999999998,20,False
mp-865511,VCl4,V,Monoclinic,P2/c,3.998241,0.19991205,20,False
mp-1205372,VCl4,V,Monoclinic,P2_1/c,4.0000001,0.200000005,20,True
mp-2051057,VCl4,V,Monoclinic,P2_1,4.0000002,0.20000000999999998,20,False
mp-1101909,VCl5,V,Triclinic,P-1,0.0,0.0,12,True
mp-1420266,VCl5,V,Triclinic,P-1,1e-06,8.333333333333333e-08,12,False
mp-864635,Ag2Cl3,Ag,Trigonal,R-3c,2.0219307,0.20219307,10,True
mp-1183265,Ag3Cl,Ag,Hexagonal,P6_3/mmc,5.22e-05,6.525e-06,8,False
mp-22922,AgCl,Ag,Cubic,Fm-3m,0.0,0.0,2,True
mp-570687,AgCl,Ag,Monoclinic,P2_1/m,0.0,0.0,4,False
mp-570858,AgCl,Ag,Orthorhombic,Cmcm,0.0,0.0,4,False
mp-726265,AgCl,Ag,Cubic,Pm-3m,0.0001168,5.84e-05,2,False
mp-1536202,AgCl,Ag,Orthorhombic,Pmmn,0.0,0.0,4,False
mp-22881,CdCl2,Cd,Trigonal,R-3m,0.0,0.0,3,True
mp-632403,CdCl2,Cd,Monoclinic,C2,0.0,0.0,3,False
mp-695850,CdCl2,Cd,Monoclinic,C2/m,0.0,0.0,3,False
mp-1181940,CdCl2,Cd,Tetragonal,P-4m2,0.0,0.0,3,False
mp-1080124,CdCl4,Cd,Orthorhombic,Cmce,4.000068,0.4000068,10,False
mp-1206433,CdCl6,Cd,Orthorhombic,Cmmm,3.9719953,0.5674279,7,False
mp-865324,LuCl3,Lu,Hexagonal,P6_3/mmc,0.0,0.0,8,True
mp-29487,PdCl2,Pd,Trigonal,R-3,0.0,0.0,18,True
mp-569008,PdCl2,Pd,Orthorhombic,Pnnm,0.0,0.0,6,False
mp-1018888,PdCl2,Pd,Monoclinic,P2/m,0.0005673,9.455e-05,6,False
mp-1018891,PdCl2,Pd,Monoclinic,P2_1/c,0.0,0.0,6,False
mp-1180041,PdCl2,Pd,Triclinic,P-1,0.0145905,0.0008105833333333333,18,False
mp-1147675,Rh3Cl4,Rh,Cubic,Pm-3n,0.0007537,5.383571428571429e-05,14,False
mp-867259,RhCl2,Rh,Tetragonal,P4_2/mnm,0.0030756,0.0005126,6,False
mp-27770,RhCl3,Rh,Monoclinic,C2/m,0.0,0.0,8,True
mp-974467,Ru3Cl,Ru,Tetragonal,I4/mmm,0.0054273,0.001356825,4,False
mp-22850,RuCl3,Ru,Hexagonal,P6_3/mcm,2.0806892,0.130043075,16,True
mp-570880,RuCl3,Ru,Orthorhombic,Pmmn,2.1233281,0.13270800625,16,False
mp-570997,RuCl3,Ru,Trigonal,P3_112,6.095032,0.25395966666666664,24,False
mp-2647063,RuCl3,Ru,Monoclinic,C2/m,4.0005589,0.25003493125,16,False
mp-1078708,TcCl3,Tc,Monoclinic,C2/m,1.999926,0.24999075,8,False
mp-1190915,TcCl3,Tc,Trigonal,R-3m,0.0,0.0,24,True
mp-27780,TcCl4,Tc,Orthorhombic,Pbca,24.0000001,0.6000000025000001,40,True
mp-1183968,Cu3Cl,Cu,Cubic,Pm-3m,4.11e-05,1.0275e-05,4,False
mp-22914,CuCl,Cu,Cubic,F-43m,0.0,0.0,2,False
mp-23287,CuCl,Cu,Cubic,Pa-3,0.0,0.0,16,False
mp-571386,CuCl,Cu,Cubic,Fm-3m,0.0,0.0,2,False
mp-1184046,CuCl,Cu,Hexagonal,P6_3mc,0.0,0.0,4,False
mp-1225654,CuCl,Cu,Trigonal,R3m,0.001342,0.000671,2,False
mp-30999,CuCl2,Cu,Monoclinic,C2/m,1.0004368,0.3334789333333333,3,True
mp-1147756,CuCl2,Cu,Tetragonal,I4/mmm,0.0791647,0.026388233333333334,3,False
mp-1147758,CuCl2,Cu,Tetragonal,P4/mmm,0.0005106,0.00017020000000000002,3,False
mp-1238872,CuCl2,Cu,Trigonal,R-3m,0.9993472,0.33311573333333333,3,False
mp-1213141,CuCl3,Cu,Orthorhombic,Cmmm,8.0009063,0.50005664375,16,False
mp-32829,CuCl4,Cu,Tetragonal,I-42m,2.574957,0.5149914,5,False
mp-620029,MoCl2,Mo,Orthorhombic,Cmce,0.0,0.0,36,True
mp-22853,MoCl3,Mo,Monoclinic,C2/m,3.999542,0.49994275,8,False
mp-568394,MoCl3,Mo,Monoclinic,C2/c,7.9999969,0.49999980625,16,False
mp-684640,MoCl3,Mo,Trigonal,P-31c,24.0004399,0.750013746875,32,False
mp-1221495,MoCl3,Mo,Monoclinic,C2/m,4.0011282,0.2500705125,16,False
mp-32625,MoCl4,Mo,Monoclinic,P2/c,11.9999999,0.3999999966666667,30,False
mp-569005,MoCl4,Mo,Trigonal,P-31m,12.0000001,0.4000000033333333,30,False
mp-1221517,MoCl4,Mo,Trigonal,P-31m,0.0067403,0.00044935333333333337,15,False
mp-29147,MoCl5,Mo,Monoclinic,P2_1/c,7.9967306,0.16659855416666666,48,False
mp-569436,MoCl5,Mo,Triclinic,P-1,2.0,0.16666666666666666,12,True
mp-569855,MoCl5,Mo,Orthorhombic,Pnma,8.0000001,0.16666666875,48,False
mp-571256,MoCl5,Mo,Monoclinic,C2/m,6.0000001,0.16666666944444444,36,False
mp-1427168,MoCl5,Mo,Triclinic,P-1,2.0027272,0.16689393333333333,12,False
mp-1221436,MoCl6,Mo,Trigonal,P-31m,0.0,0.0,7,True
mp-1221487,MoCl6,Mo,Trigonal,P-3m1,0.0,0.0,21,False
mp-27880,Nb3Cl7,Nb,Orthorhombic,Cmce,0.0,0.0,40,True
mp-29950,Nb3Cl8,Nb,Trigonal,P-3m1,1.9932237,0.09060107727272727,22,True
mp-31040,NbCl4,Nb,Monoclinic,C2/m,0.0,0.0,10,True
mp-23307,NbCl5,Nb,Monoclinic,C2/m,0.0,0.0,36,True
mp-568483,NbCl5,Nb,Monoclinic,P2_1/c,0.0,0.0,24,False
mp-1094137,Ni15Cl16,Ni,Cubic,Im-3m,15.9979755,0.5160637258064517,31,False
mp-1096769,Ni3Cl4,Ni,Monoclinic,C2/m,8.0000272,0.5714305142857142,14,False
mp-1096770,Ni3Cl4,Ni,Orthorhombic,Cmmm,3.9991325,0.5713046428571429,7,False
mp-1094110,Ni5Cl6,Ni,Monoclinic,C2/m,5.9998977,0.5454452454545454,11,False
mp-1022720,Ni6Cl7,Ni,Triclinic,P-1,13.9986357,0.5384090653846154,26,False
mp-1021674,NiCl,Ni,Cubic,Fm-3m,0.9999197,0.49995985,2,False
mp-1186339,NiCl,Ni,Hexagonal,P6_3mc,1.9956203,0.498905075,4,False
mp-27396,NiCl2,Ni,Trigonal,R-3m,1.9999999,0.6666666333333333,3,True
mp-1207348,NiCl6,Ni,Orthorhombic,Cmmm,4.0,0.5714285714285714,7,False
mp-27678,Y2Cl3,Y,Monoclinic,C2/m,0.0,0.0,10,True
mp-540884,YCl,Y,Trigonal,R-3m,1.7137729,0.428443225,4,False
mp-27455,YCl3,Y,Monoclinic,C2/m,0.0,0.0,8,True
mp-22889,ZnCl2,Zn,Orthorhombic,Pna2_1,1e-07,8.333333333333334e-09,12,False
mp-22909,ZnCl2,Zn,Tetragonal,I-42d,0.0,0.0,6,True
mp-567279,ZnCl2,Zn,Tetragonal,P4_2/nmc,0.0,0.0,6,False
mp-571540,ZnCl2,Zn,Monoclinic,P2_1/c,0.0,0.0,36,False
mp-1238832,ZnCl3,Zn,Hexagonal,P6_3/m,0.0003805,4.75625e-05,8,False
mp-648774,Zr2Cl5,Zr,Cubic,Ia-3d,39.9862727,0.2380135279761905,168,False
mp-1188032,Zr3Cl,Zr,Hexagonal,P6_3/mmc,0.0039795,0.0004974375,8,False
mp-27440,ZrCl,Zr,Trigonal,R-3m,0.0,0.0,4,True
mp-1067974,ZrCl,Zr,Trigonal,P-3m1,0.342458,0.0856145,4,False
mp-23162,ZrCl2,Zr,Trigonal,R3m,0.0,0.0,3,True
mp-571537,ZrCl2,Zr,Trigonal,R-3,2.0001202,0.11111778888888889,18,False
mp-22871,ZrCl3,Zr,Hexagonal,P6_3/mcm,0.0,0.0,8,False
mp-569391,ZrCl3,Zr,Trigonal,P-31m,2.0002169,0.2500271125,8,False
mp-685155,ZrCl3,Zr,Trigonal,R-3,1.9976984,0.2497123,8,False
mp-1100795,ZrCl3,Zr,Triclinic,P-1,0.0,0.0,8,True
mp-1192044,ZrCl3,Zr,Monoclinic,C2/m,1.9992817,0.08330340416666666,24,False
mp-2353328,ZrCl3,Zr,Monoclinic,C2/m,2.0,0.25,8,False
mp-569175,ZrCl4,Zr,Monoclinic,P2/c,0.0,0.0,10,True
mp-1183201,Au3Cl,Au,Tetragonal,I4/mmm,0.0001962,4.905e-05,4,False
mp-32780,AuCl,Au,Tetragonal,I4_1/amd,0.0,0.0,8,True
mp-1120780,AuCl,Au,Tetragonal,P4_2/ncm,0.0,0.0,8,False
mp-1183171,AuCl,Au,Hexagonal,P6_3mc,0.0,0.0,4,False
mp-1228677,AuCl,Au,Monoclinic,Cm,7.08e-05,3.54e-05,2,False
mp-541656,AuCl2,Au,Triclinic,P-1,0.0,0.0,12,True
mp-27647,AuCl3,Au,Monoclinic,P2_1/c,0.0,0.0,16,True
mp-1214857,AuCl4,Au,Tetragonal,I4_1/amd,2.0050894,0.20050894000000002,10,False
mp-1184605,Hg3Cl,Hg,Cubic,Fm-3m,9.19e-05,2.2975e-05,4,False
mp-22897,HgCl,Hg,Tetragonal,I4/mmm,0.0,0.0,4,True
mp-22855,HgCl2,Hg,Orthorhombic,Pnma,0.0,0.0,12,True
mp-1102919,HgCl2,Hg,Orthorhombic,Pnma,0.009538,0.0007948333333333333,12,False
mp-864915,HfBr3,Hf,Hexagonal,P6_3/mmc,0.5482894,0.068536175,8,False
mp-1212517,HfBr4,Hf,Cubic,Pa-3,0.0,0.0,40,True
mp-27397,IrBr3,Ir,Monoclinic,C2/m,2e-07,2.5e-08,8,True
mp-28301,OsBr4,Os,Orthorhombic,Pbca,15.9966082,0.399915205,40,True
mp-23165,PtBr3,Pt,Trigonal,R-3,0.0,0.0,48,True
mp-1210365,Re3Br7,Re,Triclinic,P-1,0.0001038,2.595e-06,40,True
mp-974474,ReBr,Re,Hexagonal,P6_3mc,6.92e-05,1.73e-05,4,False
mp-680077,Ta2Br5,Ta,Cubic,Ia-3d,0.0027697,1.6486309523809525e-05,168,True
mp-29412,Ta3Br7,Ta,Orthorhombic,Cmce,0.0,0.0,40,True
mp-1198538,Ta3Br7,Ta,Orthorhombic,Cmce,0.0023986,5.9965e-05,40,False
mp-568846,TaBr5,Ta,Orthorhombic,Pnma,0.0,0.0,48,True
mp-1203015,TaBr5,Ta,Monoclinic,C2/m,0.0,0.0,36,False
mp-1197907,W2Br5,W,Monoclinic,P2_1/c,0.0006291,1.1233928571428571e-05,56,False
mp-28880,W3Br7,W,Cubic,Pn-3,0.0104502,0.0001306275,80,False
mp-27765,W3Br8,W,Orthorhombic,Cmce,4.0332691,0.09166520681818181,44,False
mp-29498,WBr2,W,Orthorhombic,Cmce,0.0,0.0,36,True
mp-1078239,WBr4,W,Monoclinic,C2/m,2.0,0.2,10,False
mp-29554,WBr5,W,Monoclinic,C2/m,5.9328042,0.16480011666666666,36,False
mp-1095321,WBr5,W,Triclinic,P-1,1.9999998,0.16666665,12,False
mp-1436789,WBr5,W,Triclinic,P-1,0.0037788,0.0003149,12,False
mp-28483,WBr6,W,Trigonal,R-3,0.0,0.0,7,True
mp-22913,CuBr,Cu,Cubic,F-43m,0.0,0.0,2,True
mp-22917,CuBr,Cu,Tetragonal,P4/nmm,4e-07,1e-07,4,False
mp-23212,CuBr,Cu,Cubic,Pa-3,0.0006547,4.091875e-05,16,False
mp-23227,CuBr,Cu,Hexagonal,P6_3/mmc,0.0,0.0,4,False
mp-32880,CuBr,Cu,Tetragonal,I-4m2,0.0001354,6.77e-05,2,False
mp-570354,CuBr,Cu,Cubic,Fm-3m,0.0,0.0,2,False
mp-23219,CuBr2,Cu,Monoclinic,C2/m,1.0031586,0.33438619999999997,3,False
mp-1147530,CuBr2,Cu,Tetragonal,P4/mmm,0.0015531,0.0005177,3,False
mp-1147532,CuBr2,Cu,Tetragonal,I4/mmm,0.0002911,9.703333333333332e-05,3,False
mp-2360071,CuBr2,Cu,Monoclinic,C2/m,0.0,0.0,3,True
mp-29555,MoBr2,Mo,Orthorhombic,Cmce,0.0,0.0,36,True
mp-23312,MoBr3,Mo,Orthorhombic,Pmmn,8.0,0.5,16,True
mp-1205355,MoBr3,Mo,Hexagonal,P6_3/mcm,3.9990259,0.4998782375,8,False
mp-568616,Nb2Br5,Nb,Orthorhombic,Cmcm,0.0431461,0.0030818642857142857,14,False
mp-655086,Nb2Br5,Nb,Orthorhombic,Cmcm,6.092926,0.435209,14,False
mp-27771,Nb3Br8,Nb,Trigonal,R-3m,2.0,0.09090909090909091,22,True
mp-1080428,NbBr4,Nb,Monoclinic,C2/m,0.0,0.0,10,True
mp-28601,NbBr5,Nb,Orthorhombic,Pnma,0.0,0.0,48,True
mp-568245,NbBr5,Nb,Triclinic,P-1,0.0,0.0,12,False
mp-662752,NbBr5,Nb,Triclinic,P-1,5.06e-05,4.216666666666666e-06,12,False
mp-27637,NiBr2,Ni,Trigonal,R-3m,2.0,0.6666666666666666,3,True
mp-1173456,NiBr2,Ni,Trigonal,R-3m,2.0001122,0.6667040666666666,3,False
mp-1205567,Y2Br3,Y,Monoclinic,C2/m,0.0,0.0,10,False
mp-865534,YBr2,Y,Tetragonal,P4_2/mnm,0.4871017,0.08118361666666667,6,False
mp-754815,YBr3,Y,Monoclinic,C2/m,0.0,0.0,8,True
mp-865605,YBr3,Y,Hexagonal,P6_3/mmc,0.0,0.0,8,False
mp-569960,ZnBr2,Zn,Trigonal,R-3m,0.0,0.0,3,False
mp-647579,ZnBr2,Zn,Tetragonal,I4_1/acd,0.0,0.0,48,True
mp-1178766,ZnBr2,Zn,Monoclinic,C2/m,0.0001846,6.153333333333333e-05,3,False
mp-1206305,ZnBr6,Zn,Orthorhombic,Cmmm,3.77316,0.5390228571428571,7,False
mp-1188037,Zr3Br,Zr,Hexagonal,P6_3/mmc,0.0124771,0.0015596375,8,False
mp-504594,ZrBr,Zr,Trigonal,R-3m,0.0,0.0,4,True
mp-1065846,ZrBr,Zr,Monoclinic,C2/m,1e-07,2.5e-08,4,False
mp-1066783,ZrBr,Zr,Trigonal,P-3m1,0.0002936,7.34e-05,4,False
mp-28495,ZrBr2,Zr,Trigonal,R-3,2.0045619,0.11136455,18,False
mp-23247,ZrBr3,Zr,Hexagonal,P6_3/mcm,4e-07,5e-08,8,True
mp-1207486,ZrBr4,Zr,Cubic,Pa-3,0.0,0.0,40,True
mp-862982,Ag2Br3,Ag,Trigonal,R-3c,0.0005265,5.264999999999999e-05,10,True
mp-1183272,Ag3Br,Ag,Hexagonal,P6_3/mmc,0.000318,3.975e-05,8,False
mp-23231,AgBr,Ag,Cubic,Fm-3m,0.0,0.0,2,True
mp-570301,AgBr,Ag,Monoclinic,P2_1/m,0.0,0.0,4,False
mp-866291,AgBr,Ag,Cubic,F-43m,0.0,0.0,2,False
mp-1060967,AgBr,Ag,Cubic,Pm-3m,0.0004218,0.0002109,2,False
mp-2034510,AgBr,Ag,Orthorhombic,Pmmn,0.0,0.0,4,False
mp-27934,CdBr2,Cd,Hexagonal,P6_3mc,0.0,0.0,6,False
mp-568690,CdBr2,Cd,Trigonal,R-3m,0.0,0.0,3,False
mp-568722,CdBr2,Cd,Trigonal,R-3m,0.0,0.0,6,True
mp-973976,LuBr,Lu,Hexagonal,P6_3mc,0.0002967,7.4175e-05,4,False
mp-866214,LuBr3,Lu,Hexagonal,P6_3/mmc,0.0,0.0,8,True
mp-27857,PdBr2,Pd,Monoclinic,C2/c,0.0,0.0,24,True
mp-974371,Rh3Br,Rh,Tetragonal,I4/mmm,2.0212086,0.50530215,4,False
mp-1186908,RhBr,Rh,Hexagonal,P6_3mc,0.0003647,9.1175e-05,4,False
mp-27871,RhBr3,Rh,Monoclinic,C2/m,0.0,0.0,8,True
mp-22892,RuBr3,Ru,Hexagonal,P6_3/mcm,0.864902,0.10811275,8,True
mp-23294,RuBr3,Ru,Orthorhombic,Pmmn,1.7320451,0.10825281875,16,False
mp-568753,TcBr3,Tc,Orthorhombic,Pmmn,4.0019368,0.25012105,16,True
mp-1205299,TcBr3,Tc,Hexagonal,P6_3/mcm,3.9999343,0.4999917875,8,False
mp-570480,TcBr4,Tc,Orthorhombic,Pbca,24.000065,0.600001625,40,True
mp-1059765,CoBr,Co,Hexagonal,P6/mmm,2.0247623,1.01238115,2,False
mp-30033,CoBr2,Co,Trigonal,P-3m1,3.0043052,1.0014350666666667,3,True
mp-567624,CrBr2,Cr,Monoclinic,C2/m,3.9994112,1.3331370666666666,3,False
mp-1183765,CrBr2,Cr,Tetragonal,P4_2/mnm,7.9998267,1.33330445,6,False
mp-27734,CrBr3,Cr,Trigonal,R-3,17.9999994,0.749999975,24,True
mp-22880,FeBr2,Fe,Trigonal,P-3m1,4.0,1.3333333333333333,3,True
mp-23232,FeBr3,Fe,Trigonal,R-3,10.0000001,1.2500000125,8,True
mp-1185951,Mn3Br,Mn,Tetragonal,I4/mmm,12.3995707,3.099892675,4,False
mp-28306,MnBr2,Mn,Trigonal,P-3m1,4.9999999,1.6666666333333333,3,True
mp-569843,MnBr2,Mn,Trigonal,R-3m,5.0000001,1.6666667000000002,3,False
mp-571084,MnBr2,Mn,Cubic,Fd-3m,20.0000009,1.6666667416666667,12,False
mp-862565,ScBr2,Sc,Tetragonal,P4_2/mnm,2.0003274,0.3333879,6,False
mp-1186984,ScBr3,Sc,Hexagonal,P6_3/mmc,0.0,0.0,8,True
mp-971768,Ti3Br,Ti,Hexagonal,P6_3/mmc,0.0134709,0.0016838625,8,False
mp-540672,Ti7Br16,Ti,Orthorhombic,Pnnm,8.0132036,0.17420007826086958,46,True
mp-27785,TiBr2,Ti,Trigonal,P-3m1,2.0,0.6666666666666666,3,False
mp-28214,TiBr3,Ti,Triclinic,P-1,2.0000001,0.2500000125,8,True
mp-571065,TiBr3,Ti,Trigonal,R-3,1.9999999,0.2499999875,8,False
mp-27634,TiBr4,Ti,Monoclinic,P2_1/c,0.0,0.0,20,False
mp-569814,TiBr4,Ti,Cubic,Pa-3,0.0,0.0,40,True
mp-1187734,V3Br,V,Tetragonal,I4/mmm,0.0019679,0.000491975,4,False
mp-971787,VBr2,V,Trigonal,P-3m1,2.9999998,0.9999999333333333,3,True
mp-865473,VBr3,V,Hexagonal,P6_3/mmc,3.9975354,0.499691925,8,True
mp-1546306,VBr3,V,Orthorhombic,Cmcm,3.9999997,0.4999999625,8,False
mp-2757308,VBr3,V,Orthorhombic,Ama2,4.0000005,0.5000000625,8,True
mp-984614,Au3Br,Au,Tetragonal,I4/mmm,8.85e-05,2.2125e-05,4,False
mp-1183348,Au3Br,Au,Hexagonal,P6_3/mmc,0.0002427,3.03375e-05,8,False
mp-505366,AuBr,Au,Tetragonal,P4_2/ncm,0.0,0.0,8,True
mp-570140,AuBr,Au,Tetragonal,I4_1/amd,0.0,0.0,8,False
mp-1214775,AuBr2,Au,Tetragonal,P4_2/mmc,0.0022516,0.00037526666666666666,6,False
mp-27213,AuBr3,Au,Monoclinic,P2_1/c,0.0,0.0,32,True
mp-23177,HgBr,Hg,Tetragonal,I4/mmm,0.0,0.0,4,True
mp-23292,HgBr2,Hg,Orthorhombic,Cmc2_1,0.0,0.0,6,True
mp-571558,HgBr2,Hg,Trigonal,P3,0.0025061,0.00027845555555555554,9,False
mp-2038287,HgBr2,Hg,Trigonal,P-3m1,0.0,0.0,9,False
mp-1184720,HgBr3,Hg,Hexagonal,P6_3/mmc,0.3104181,0.0388022625,8,False
mp-1184661,Hf3I,Hf,Hexagonal,P6_3/mmc,0.0007671,9.58875e-05,8,False
mp-568002,HfI3,Hf,Hexagonal,P6_3/mcm,0.0,0.0,8,True
mp-567273,HfI4,Hf,Cubic,Pa-3,0.0,0.0,40,False
mp-569059,HfI4,Hf,Monoclinic,C2/c,0.0,0.0,20,True
mp-1184756,IrI,Ir,Hexagonal,P6_3mc,0.000159,3.975e-05,4,False
mp-1025442,IrI3,Ir,Monoclinic,C2/m,0.0,0.0,8,True
mp-28320,Pt3I8,Pt,Tetragonal,P4_12_12,0.0,0.0,44,True
mp-704718,Pt3I8,Pt,Tetragonal,P4_32_12,0.0001219,2.770454545454545e-06,44,False
mp-28319,PtI2,Pt,Monoclinic,P2_1/c,0.0,0.0,12,True
mp-28268,PtI3,Pt,Monoclinic,C2/c,0.0,0.0,16,True
mp-669496,PtI4,Pt,Orthorhombic,Pbca,0.0,0.0,40,True
mp-573815,ReI3,Re,Monoclinic,P2_1/m,0.0,0.0,24,True
mp-32554,Ta2I5,Ta,Triclinic,P1,0.9900626,0.1414375142857143,7,False
mp-23238,Ta3I7,Ta,Orthorhombic,Cmce,1.2e-06,3e-08,40,True
mp-567537,TaI4,Ta,Triclinic,P-1,0.0,0.0,20,False
mp-570679,TaI5,Ta,Orthorhombic,Pnma,0.0,0.0,48,True
mp-1204035,W15I47,W,Monoclinic,C2,0.9549159,0.01540186935483871,62,False
mp-1196387,W3I8,W,Monoclinic,P2_1/c,0.0226043,0.0002568670454545455,88,False
mp-1194880,W5I16,W,Orthorhombic,Pna2_1,0.039806,0.0004738809523809524,84,True
mp-1207889,WI2,W,Orthorhombic,Cmce,0.0,0.0,36,True
mp-1196036,WI3,W,Tetragonal,P4_12_12,0.0104554,0.00010891041666666666,96,False
mp-1195045,WI4,W,Orthorhombic,Pbcn,0.0041072,3.422666666666667e-05,120,True
mp-1183714,Co3I,Co,Tetragonal,I4/mmm,3.8324478,0.95811195,4,False
mp-1183756,Co3I,Co,Hexagonal,P6_3/mmc,10.5853557,1.3231694625,8,False
mp-569610,CoI2,Co,Trigonal,P-3m1,1.0067575,0.3355858333333333,3,True
mp-27215,CrI2,Cr,Monoclinic,C2/m,4.0028545,1.3342848333333333,3,False
mp-567687,CrI2,Cr,Orthorhombic,Cmc2_1,7.9998315,1.33330525,6,False
mp-1181742,CrI2,Cr,Hexagonal,P6_3mc,8.0256143,1.3376023833333335,6,False
mp-1213805,CrI3,Cr,Trigonal,P3_112,18.0000009,0.7500000375,24,True
mp-571122,FeI2,Fe,Trigonal,P-3m1,4.0000002,1.3333334,3,True
mp-1185925,Mn3I,Mn,Cubic,Pm-3m,9.3712338,2.34280845,4,False
mp-28013,MnI2,Mn,Trigonal,P-3m1,5.0000003,1.6666667666666666,3,True
mp-685088,Sc12I25,Sc,Triclinic,P-1,0.2796232,0.003778691891891892,74,True
mp-862329,ScI2,Sc,Tetragonal,P4_2/mnm,1.9711637,0.3285272833333333,6,False
mp-1186991,ScI3,Sc,Hexagonal,P6_3/mmc,0.0,0.0,8,True
mp-980194,TiI,Ti,Hexagonal,P6_3mc,1.921938,0.4804845,4,False
mp-1207060,TiI2,Ti,Trigonal,P-3m1,0.2415966,0.0805322,3,False
mp-23223,TiI3,Ti,Hexagonal,P6_3/mcm,0.8070297,0.1008787125,8,False
mp-23264,TiI3,Ti,Orthorhombic,Pmmn,1e-07,6.25e-09,16,True
mp-541013,TiI4,Ti,Monoclinic,C2/c,0.0,0.0,10,True
mp-1187728,VI,V,Hexagonal,P6_3mc,8.0007384,2.0001846,4,False
mp-1018138,VI2,V,Trigonal,P-3m1,2.9999995,0.9999998333333333,3,True
mp-865493,VI3,V,Hexagonal,P6_3/mmc,4.0,0.5,8,True
mp-1052892,VI3,V,Orthorhombic,Cmcm,4.0000013,0.5000001625,8,False
mp-2050200,VI3,V,Monoclinic,P2_1/m,4.0000008,0.5000001,8,False
mp-684621,Cu13I15,Cu,Monoclinic,Cm,0.0693324,0.002476157142857143,28,True
mp-685100,Cu14I19,Cu,Monoclinic,Cm,2.4610494,0.07457725454545454,33,False
mp-685158,Cu16I19,Cu,Monoclinic,Cm,0.02781,0.0007945714285714287,35,False
mp-22863,CuI,Cu,Tetragonal,P4/nmm,0.0,0.0,4,False
mp-22895,CuI,Cu,Cubic,F-43m,0.0,0.0,8,False
mp-23306,CuI,Cu,Trigonal,R-3m,1.48e-05,3.7e-06,4,False
mp-32750,CuI,Cu,Trigonal,R3m,0.0,0.0,8,False
mp-569346,CuI,Cu,Hexagonal,P6_3mc,0.0,0.0,4,False
mp-570081,CuI,Cu,Trigonal,P-3m1,0.0,0.0,4,True
mp-570136,CuI,Cu,Trigonal,P3m1,0.0,0.0,12,False
mp-673245,CuI,Cu,Monoclinic,Pc,0.0033963,0.0004245375,8,False
mp-1007922,CuI,Cu,Orthorhombic,Cmcm,0.0,0.0,4,False
mp-1096937,CuI,Cu,Cubic,Fm-3m,0.000364,0.000182,2,False
mp-1147667,CuI2,Cu,Tetragonal,P4/mmm,0.0069024,0.0023008,3,False
mp-1213016,CuI2,Cu,Tetragonal,P4/mmm,0.0001049,3.4966666666666665e-05,3,False
mp-33218,CuI4,Cu,Tetragonal,I-42m,0.0009155,0.0001831,5,True
mp-2745918,CuI4,Cu,Tetragonal,I-42m,0.0,0.0,5,False
mp-2766484,CuI4,Cu,Orthorhombic,Fmm2,0.0,0.0,5,False
mp-975905,Mo3I,Mo,Cubic,Fm-3m,0.9999855,0.249996375,4,False
mp-1198690,MoI2,Mo,Orthorhombic,Cmce,0.0,0.0,36,True
mp-864733,MoI3,Mo,Hexagonal,P6_3/mmc,5.9986385,0.7498298125,8,False
mp-1186215,Nb3I,Nb,Hexagonal,P6_3/mmc,0.0007135,8.91875e-05,8,False
mp-27772,Nb3I8,Nb,Trigonal,R-3m,0.0,0.0,22,True
mp-23226,Nb6I11,Nb,Orthorhombic,Pccn,3.9620902,0.05826603235294118,68,False
mp-1196526,Nb6I11,Nb,Orthorhombic,Pna2_1,11.31232,0.16635764705882353,68,False
mp-570722,NbI3,Nb,Hexagonal,P6_3/mcm,2.8000584,0.3500073,8,False
mp-570044,NbI4,Nb,Orthorhombic,Cmc2_1,0.0,0.0,20,True
mp-31487,NbI5,Nb,Monoclinic,P2_1/c,0.0,0.0,24,False
mp-569578,NbI5,Nb,Triclinic,P-1,1e-07,8.333333333333334e-09,12,True
mp-661308,NbI5,Nb,Triclinic,P-1,2.13e-05,1.775e-06,12,False
mp-973896,Ni3I,Ni,Tetragonal,I4/mmm,0.1022205,0.025555125,4,False
mp-973936,NiI,Ni,Hexagonal,P6_3mc,0.840798,0.2101995,4,False
mp-27638,NiI2,Ni,Trigonal,R-3m,2.0002597,0.6667532333333334,3,True
mp-1065933,YI,Y,Trigonal,P-3m1,1.4027713,0.350692825,4,False
mp-571442,YI3,Y,Trigonal,R-3,0.0,0.0,8,True
mp-27161,ZnI2,Zn,Tetragonal,I4_1/acd,0.0,0.0,48,True
mp-570964,ZnI2,Zn,Trigonal,R-3m,0.0015976,0.0005325333333333333,3,False
mp-571292,ZnI2,Zn,Hexagonal,P6/mmm,0.002573,0.0008576666666666667,3,False
mp-1206190,ZnI6,Zn,Orthorhombic,Cmmm,3.8648009,0.5521144142857143,7,False
mp-1188012,Zr3I,Zr,Cubic,Pm-3m,0.0058001,0.001450025,4,False
mp-684985,Zr5I18,Zr,Triclinic,P-1,0.3528435,0.005113673913043478,69,False
mp-1338653,Zr5I18,Zr,Triclinic,P-1,0.9864444,0.014296295652173913,69,False
mp-28241,ZrI2,Zr,Trigonal,R-3,1.9956793,0.11087107222222221,18,False
mp-570506,ZrI2,Zr,Orthorhombic,Pmn2_1,0.0,0.0,12,True
mp-571279,ZrI2,Zr,Monoclinic,P2_1/m,0.0,0.0,12,False
mp-23282,ZrI3,Zr,Hexagonal,P6_3/mcm,1.3e-06,1.625e-07,8,False
mp-570188,ZrI3,Zr,Orthorhombic,Pmmn,1.8e-06,1.125e-07,16,True
mp-541112,ZrI4,Zr,Triclinic,P-1,0.0,0.0,20,False
mp-571235,ZrI4,Zr,Monoclinic,P2/c,0.0,0.0,30,True
mp-1188071,ZrI4,Zr,Triclinic,P-1,2.66e-05,1.33e-06,20,False
mp-22894,AgI,Ag,Hexagonal,P6_3mc,0.0,0.0,4,False
mp-22915,AgI,Ag,Cubic,Pm-3m,0.0,0.0,2,False
mp-22919,AgI,Ag,Cubic,Fm-3m,0.0,0.0,2,False
mp-22925,AgI,Ag,Cubic,F-43m,0.0,0.0,2,False
mp-567809,AgI,Ag,Tetragonal,P4/nmm,0.0,0.0,4,False
mp-568927,AgI,Ag,Monoclinic,P2_1/m,1.8e-06,4.5e-07,4,False
mp-580941,AgI,Ag,Hexagonal,P6_3mc,0.0,0.0,8,True
mp-684580,AgI,Ag,Tetragonal,I-4m2,0.0001455,7.275e-05,2,False
mp-1182980,AgI,Ag,Hexagonal,P6mm,2.62e-05,1.31e-05,2,False
mp-33154,AgI2,Ag,Tetragonal,P-4m2,0.0014103,0.0004701,3,False
mp-703595,Cd13I28,Cd,Trigonal,P3m1,2.1511888,0.05246801951219512,41,False
mp-28248,CdI2,Cd,Hexagonal,P6_3mc,0.0,0.0,6,False
mp-567259,CdI2,Cd,Trigonal,P-3m1,0.0,0.0,3,False
mp-567296,CdI2,Cd,Trigonal,P-3m1,0.0,0.0,9,False
mp-567336,CdI2,Cd,Trigonal,P-3m1,0.0,0.0,12,False
mp-567359,CdI2,Cd,Trigonal,P-3m1,0.0,0.0,15,False
mp-567402,CdI2,Cd,Trigonal,P-3m1,0.0,0.0,18,False
mp-567442,CdI2,Cd,Trigonal,P-3m1,0.0,0.0,18,False
mp-567483,CdI2,Cd,Trigonal,P-3m1,0.0,0.0,18,False
mp-567534,CdI2,Cd,Trigonal,P-3m1,0.0,0.0,24,False
mp-567567,CdI2,Cd,Trigonal,P-3m1,0.0,0.0,27,False
mp-568233,CdI2,Cd,Trigonal,R-3m,0.0,0.0,6,False
mp-568289,CdI2,Cd,Trigonal,R-3m,0.0,0.0,9,False
mp-569468,CdI2,Cd,Trigonal,P3m1,0.0142666,0.00029722083333333333,48,False
mp-569510,CdI2,Cd,Trigonal,P3m1,0.0102848,0.00021426666666666668,48,False
mp-569611,CdI2,Cd,Trigonal,P3m1,0.0137316,0.0002692470588235294,51,False
mp-569666,CdI2,Cd,Trigonal,P3m1,0.0157985,0.0003097745098039216,51,False
mp-569722,CdI2,Cd,Trigonal,P3m1,0.0149648,0.00029342745098039216,51,False
mp-569964,CdI2,Cd,Trigonal,P3m1,0.0,0.0,24,False
mp-569994,CdI2,Cd,Hexagonal,P6_3mc,0.0,0.0,12,False
mp-570019,CdI2,Cd,Trigonal,P3m1,0.0,0.0,24,False
mp-570054,CdI2,Cd,Hexagonal,P6_3mc,0.0,0.0,24,False
mp-570082,CdI2,Cd,Trigonal,P3m1,0.0,0.0,24,False
mp-570089,CdI2,Cd,Hexagonal,P6_3mc,0.0,0.0,36,False
mp-570127,CdI2,Cd,Trigonal,P3m1,0.0,0.0,24,False
mp-570165,CdI2,Cd,Trigonal,P3m1,0.0,0.0,27,False
mp-570263,CdI2,Cd,Trigonal,P3m1,0.0003113,1.1529629629629629e-05,27,False
mp-570314,CdI2,Cd,Trigonal,P3m1,0.0,0.0,27,False
mp-570410,CdI2,Cd,Trigonal,P3m1,0.0,0.0,27,False
mp-570437,CdI2,Cd,Trigonal,P3m1,0.0,0.0,9,True
mp-570448,CdI2,Cd,Trigonal,P3m1,0.0166349,0.0004265358974358975,39,False
mp-570472,CdI2,Cd,Trigonal,P3m1,0.0,0.0,15,False
mp-570492,CdI2,Cd,Trigonal,P3m1,0.0,0.0,39,False
mp-570511,CdI2,Cd,Trigonal,P3m1,0.0,0.0,15,False
mp-570552,CdI2,Cd,Trigonal,P3m1,0.0,0.0,39,False
mp-570559,CdI2,Cd,Trigonal,P3m1,0.0,0.0,15,False
mp-570610,CdI2,Cd,Trigonal,P3m1,0.0,0.0,39,False
mp-570613,CdI2,Cd,Trigonal,P3m1,0.0,0.0,18,False
mp-570671,CdI2,Cd,Trigonal,P3m1,0.0,0.0,18,False
mp-570695,CdI2,Cd,Trigonal,P3m1,0.0,0.0,18,False
mp-570781,CdI2,Cd,Trigonal,P3m1,0.0,0.0,18,False
mp-570882,CdI2,Cd,Trigonal,P3m1,0.0,0.0,18,False
mp-570939,CdI2,Cd,Trigonal,P3m1,0.0,0.0,18,False
mp-571037,CdI2,Cd,Trigonal,P3m1,0.0,0.0,21,False
mp-571091,CdI2,Cd,Trigonal,P3m1,0.0,0.0,21,False
mp-571136,CdI2,Cd,Trigonal,P3m1,0.0,0.0,21,False
mp-571197,CdI2,Cd,Trigonal,P3m1,0.0,0.0,21,False
mp-571225,CdI2,Cd,Trigonal,P3m1,0.0,0.0,21,False
mp-571514,CdI2,Cd,Trigonal,P3m1,0.0,0.0,24,False
mp-571516,CdI2,Cd,Trigonal,P3m1,0.0109393,0.00022790208333333336,48,False
mp-571519,CdI2,Cd,Trigonal,P3m1,0.0,0.0,21,False
mp-571535,CdI2,Cd,Trigonal,P3m1,0.0,0.0,24,False
mp-571538,CdI2,Cd,Trigonal,P3m1,0.0,0.0,30,False
mp-571539,CdI2,Cd,Trigonal,P3m1,0.0,0.0,24,False
mp-571559,CdI2,Cd,Trigonal,P3m1,0.0,0.0,30,False
mp-571567,CdI2,Cd,Trigonal,P3m1,0.0,0.0,24,False
mp-571568,CdI2,Cd,Trigonal,P3m1,0.0,0.0,24,False
mp-571569,CdI2,Cd,Trigonal,P3m1,0.0,0.0,27,False
mp-571578,CdI2,Cd,Trigonal,P3m1,0.0,0.0,30,False
mp-571579,CdI2,Cd,Trigonal,P3m1,0.0,0.0,30,False
mp-571583,CdI2,Cd,Trigonal,P3m1,0.0,0.0,30,False
mp-571592,CdI2,Cd,Trigonal,P3m1,0.0,0.0,24,False
mp-571593,CdI2,Cd,Trigonal,P3m1,0.0,0.0,36,False
mp-571595,CdI2,Cd,Trigonal,P3m1,0.0,0.0,30,False
mp-571603,CdI2,Cd,Trigonal,P3m1,0.0,0.0,36,False
mp-571605,CdI2,Cd,Trigonal,P3m1,0.0,0.0,30,False
mp-571607,CdI2,Cd,Trigonal,P3m1,0.0017443,4.845277777777778e-05,36,False
mp-571613,CdI2,Cd,Trigonal,P3m1,0.0017812,4.947777777777778e-05,36,False
mp-571615,CdI2,Cd,Trigonal,P3m1,0.0,0.0,30,False
mp-571616,CdI2,Cd,Trigonal,P3m1,0.0,0.0,30,False
mp-571635,CdI2,Cd,Trigonal,P3m1,0.0140608,0.00039057777777777775,36,False
mp-571646,CdI2,Cd,Trigonal,P3m1,0.0017211,4.7808333333333334e-05,36,False
mp-571654,CdI2,Cd,Trigonal,P3m1,0.0,0.0,36,False
mp-571660,CdI2,Cd,Trigonal,P3m1,0.0020131,5.591944444444444e-05,36,False
mp-571667,CdI2,Cd,Trigonal,P3m1,0.003303,8.469230769230769e-05,39,False
mp-571668,CdI2,Cd,Trigonal,P3m1,0.0016907,4.696388888888889e-05,36,False
mp-573588,CdI2,Cd,Trigonal,R-3m,9.21e-05,7.675e-06,12,False
mp-573608,CdI2,Cd,Trigonal,R-3m,0.0001216,1.0133333333333333e-05,12,False
mp-574663,CdI2,Cd,Trigonal,R3m,5.81e-05,4.841666666666667e-06,12,False
mp-582042,CdI2,Cd,Trigonal,P3m1,0.0096572,0.00021460444444444443,45,False
mp-582084,CdI2,Cd,Trigonal,P3m1,0.0205009,0.0003796462962962963,54,False
mp-582619,CdI2,Cd,Trigonal,P3m1,0.5711973,0.03173318333333333,18,False
mp-624399,CdI2,Cd,Trigonal,P3m1,0.0,0.0,27,False
mp-624400,CdI2,Cd,Trigonal,P3m1,0.0,0.0,30,False
mp-624406,CdI2,Cd,Trigonal,P3m1,0.0,0.0,30,False
mp-624417,CdI2,Cd,Trigonal,P3m1,0.0012022,3.6430303030303035e-05,33,False
mp-624418,CdI2,Cd,Trigonal,P3m1,0.0012135,3.677272727272727e-05,33,False
mp-627401,CdI2,Cd,Trigonal,R3m,1.35e-05,9e-07,15,False
mp-627557,CdI2,Cd,Trigonal,P3m1,0.0,0.0,27,False
mp-647489,CdI2,Cd,Trigonal,P3m1,0.0,0.0,21,False
mp-669326,CdI2,Cd,Trigonal,P3m1,0.0,0.0,27,False
mp-669334,CdI2,Cd,Trigonal,P3m1,0.0062746,0.00013943555555555556,45,False
mp-669340,CdI2,Cd,Trigonal,P3m1,0.0039501,9.405e-05,42,False
mp-669357,CdI2,Cd,Trigonal,P3m1,0.0,0.0,33,False
mp-669358,CdI2,Cd,Trigonal,P3m1,0.001172,3.5515151515151514e-05,33,False
mp-669360,CdI2,Cd,Trigonal,P3m1,0.0,0.0,36,False
mp-680046,CdI2,Cd,Trigonal,P3m1,0.0039801,9.476428571428572e-05,42,False
mp-680047,CdI2,Cd,Trigonal,P3m1,0.0039681,9.447857142857142e-05,42,False
mp-680055,CdI2,Cd,Trigonal,P3m1,0.0011811,3.579090909090909e-05,33,False
mp-680092,CdI2,Cd,Trigonal,P3m1,0.0,0.0,30,False
mp-680093,CdI2,Cd,Trigonal,P3m1,0.0,0.0,33,False
mp-680094,CdI2,Cd,Trigonal,P3m1,0.0011991,3.6336363636363634e-05,33,False
mp-680095,CdI2,Cd,Trigonal,P3m1,0.001148,1.9133333333333332e-05,60,False
mp-680111,CdI2,Cd,Trigonal,P3m1,0.0,0.0,12,False
mp-680112,CdI2,Cd,Trigonal,P3m1,0.0012045,3.65e-05,33,False
mp-680113,CdI2,Cd,Trigonal,P3m1,0.0011895,3.6045454545454544e-05,33,False
mp-680114,CdI2,Cd,Trigonal,P3m1,0.0011947,3.62030303030303e-05,33,False
mp-680115,CdI2,Cd,Trigonal,P3m1,0.0039748,9.463809523809523e-05,42,False
mp-680116,CdI2,Cd,Trigonal,P3m1,0.0039597,9.427857142857143e-05,42,False
mp-680118,CdI2,Cd,Trigonal,P3m1,0.0,0.0,45,False
mp-680119,CdI2,Cd,Trigonal,P3m1,0.006241,0.00013868888888888888,45,False
mp-680120,CdI2,Cd,Trigonal,P3m1,0.0,0.0,45,False
mp-680133,CdI2,Cd,Trigonal,P3m1,0.0024481,4.8001960784313725e-05,51,False
mp-680144,CdI2,Cd,Trigonal,P3m1,0.0040084,7.032280701754385e-05,57,False
mp-680145,CdI2,Cd,Trigonal,P3m1,0.0011659,1.943166666666667e-05,60,False
mp-680146,CdI2,Cd,Trigonal,P3m1,0.0039778,6.97859649122807e-05,57,False
mp-680148,CdI2,Cd,Trigonal,P3m1,0.0011801,1.9668333333333333e-05,60,False
mp-680152,CdI2,Cd,Trigonal,P3m1,0.0063943,0.00014209555555555557,45,False
mp-680153,CdI2,Cd,Trigonal,P3m1,0.0015596,2.4755555555555555e-05,63,False
mp-680163,CdI2,Cd,Trigonal,P3m1,0.0043148,5.753066666666666e-05,75,False
mp-680172,CdI2,Cd,Trigonal,P3m1,0.0020417,3.093484848484849e-05,66,False
mp-680196,CdI2,Cd,Trigonal,P3m1,0.0022596,2.5972413793103448e-05,87,False
mp-684029,CdI2,Cd,Trigonal,P3m1,0.0039868,9.492380952380953e-05,42,False
mp-1188728,CdI2,Cd,Trigonal,R3m,0.0,0.0,18,False
mp-865521,LuI3,Lu,Hexagonal,P6_3/mmc,0.0,0.0,8,True
mp-1186445,Pd3I,Pd,Tetragonal,I4/mmm,0.0008837,0.000220925,4,False
mp-27747,PdI2,Pd,Monoclinic,P2_1/c,0.0,0.0,12,True
mp-569017,PdI2,Pd,Orthorhombic,Pnnm,0.0,0.0,6,False
mp-975142,RhI,Rh,Hexagonal,P6_3mc,4.86e-05,1.215e-05,4,False
mp-862601,RhI2,Rh,Tetragonal,P4_2/mnm,0.0032574,0.0005429,6,False
mp-1206891,RhI3,Rh,Monoclinic,C2/m,0.0,0.0,8,True
mp-974457,Ru3I,Ru,Cubic,Pm-3m,0.0021723,0.000543075,4,False
mp-974315,RuI,Ru,Hexagonal,P6_3mc,6.48e-05,1.62e-05,4,False
mp-1203591,TcI4,Tc,Monoclinic,P2_1/c,0.0085558,0.00021389500000000002,40,True
mp-27725,AuI,Au,Tetragonal,P4_2/ncm,0.0,0.0,8,True
mp-1214760,AuI2,Au,Tetragonal,P4_2/mmc,1.3e-06,2.1666666666666667e-07,6,True
mp-568838,Hg4I7,Hg,Tetragonal,P-4m2,0.0005699,5.180909090909091e-05,11,False
mp-22859,HgI,Hg,Tetragonal,I4/mmm,0.0,0.0,4,True
mp-23173,HgI2,Hg,Orthorhombic,Cmc2_1,0.0,0.0,6,False
mp-23192,HgI2,Hg,Tetragonal,P4_2/nmc,0.0,0.0,6,True
mp-567471,HgI2,Hg,Tetragonal,I4_1/amd,0.0,0.0,24,False
mp-568742,HgI2,Hg,Tetragonal,P4_2/nmc,0.0,0.0,24,False
mp-583213,HgI2,Hg,Tetragonal,I4_1/acd,0.0,0.0,48,False
mp-973601,HgI3,Hg,Tetragonal,I4/mmm,0.0017032,0.0004258,4,False
